src_id,station_name,station_file_name,historic_county,station_latitude,station_longitude,station_elevation,first_year,last_year
150,ABOYNE NO 2,aboyne-no-2,aberdeenshire,57.076,-2.841,140,1990,2019
148,BALMORAL,balmoral,aberdeenshire,57.037,-3.22,283,2013,2019
147,BRAEMAR,braemar,aberdeenshire,57.006,-3.398,339,1996,1996
55827,BRAEMAR NO 2,braemar-no-2,aberdeenshire,57.011,-3.397,327,2005,2019
144,"CORGARFF, CASTLE LODGE",corgarff-castle-lodge,aberdeenshire,57.165,-3.23,400,1999,2002
160,CRAIBSTONE,craibstone,aberdeenshire,57.187,-2.215,102,2010,2019
161,DYCE,dyce,aberdeenshire,57.205,-2.205,65,1957,2019
166,FRASERBURGH,fraserburgh,aberdeenshire,57.697,-2.003,18,1967,1988
159,FYVIE CASTLE,fyvie-castle,aberdeenshire,57.443,-2.39,55,1999,2019
16581,ROSEHEARTY,rosehearty,aberdeenshire,57.698,-2.123,4,1995,2012
181,MYLNEFIELD,mylnefield,angus,56.457,-3.073,31,1980,2005
192,USAN,usan,angus,56.681,-2.452,47,1965,1979
1450,ALDERGROVE,aldergrove,antrim,54.664,-6.225,63,1981,2019
1452,ALTNAHINCH FILTERS,altnahinch-filters,antrim,55.048,-6.255,213,1981,2019
1467,BALLYPATRICK FOREST,ballypatrick-forest,antrim,55.181,-6.154,156,1991,2019
56937,GIANTS CAUSEWAY,giants-causeway,antrim,55.234,-6.512,80,2011,2019
19192,KILLYLANE,killylane,antrim,54.817,-6.005,250,2011,2019
1448,PORTGLENONE,portglenone,antrim,54.865,-6.458,64,1994,2019
17292,PORTRUSH,portrush,antrim,55.208,-6.656,8,1996,2001
926,"BENMORE, YOUNGER BOTANIC GARDEN",benmore-younger-botanic-garden,argyll-in-strathclyde-region,56.028,-4.985,12,1997,2005
918,DUNSTAFFNAGE,dunstaffnage,argyll-in-strathclyde-region,56.45,-5.44,3,1980,2019
23417,ISLAY: PORT ELLEN,islay-port-ellen,argyll-in-strathclyde-region,55.681,-6.25,17,1998,2019
908,MACHRIHANISH,machrihanish,argyll-in-strathclyde-region,55.441,-5.697,10,1965,2019
896,ORSAY,orsay,argyll-in-strathclyde-region,55.674,-6.511,23,1992,1998
897,RHUVAAL,rhuvaal,argyll-in-strathclyde-region,55.936,-6.125,20,1957,1982
18974,TIREE,tiree,argyll-in-strathclyde-region,56.5,-6.881,9,1930,2019
1530,ARMAGH,armagh,armagh,54.352,-6.65,62,2018,2019
1534,GLENANNE NO 2,glenanne-no-2,armagh,54.237,-6.504,161,1992,2019
1312,BATH,bath,avon,51.386,-2.355,20,1921,1925
675,BRISTOL WEATHER CENTRE,bristol-weather-centre,avon,51.453,-2.6,42,1982,2001
676,FILTON,filton,avon,51.522,-2.577,59,1957,2018
1005,AUCHINCRUIVE,auchincruive,ayrshire,55.477,-4.565,48,2005,2019
996,HUNTERSTON NO 3,hunterston-no-3,ayrshire,55.723,-4.893,8,1997,2005
1006,PRESTWICK NO 2,prestwick-no-2,ayrshire,55.501,-4.584,16,1962,1993
1007,"PRESTWICK, GANNET",prestwick-gannet,ayrshire,55.515,-4.585,27,1994,2019
1013,SAUGHALL,saughall,ayrshire,55.601,-4.226,221,1995,2014
140,GLENLIVET,glenlivet,banffshire,57.354,-3.345,213,1964,2008
141,KEITH,keith,banffshire,57.553,-2.949,106,1980,1987
461,BEDFORD,bedford,bedfordshire,52.227,-0.465,85,1980,2019
465,CARDINGTON,cardington,bedfordshire,52.104,-0.423,29,1957,1980
459,DUNSTABLE,dunstable,bedfordshire,51.886,-0.54,157,1957,1960
458,WOBURN,woburn,bedfordshire,52.014,-0.596,89,2000,2019
838,"BRACKNELL, BEAUFORT PARK",bracknell-beaufort-park,berkshire,51.39,-0.786,74,1980,2003
830,"READING UNIVERSITY, WHITEKNIGHTS",reading-university-whiteknights,berkshire,51.441,-0.938,66,2012,2019
19159,UPPER LAMBOURN,upper-lambourn,berkshire,51.52,-1.549,142,2012,2017
268,CHARTERHALL,charterhall,berwickshire,55.709,-2.385,112,1990,2019
620,CHENIES NO 2,chenies-no-2,buckinghamshire,51.69,-0.534,139,1992,1998
17176,"HIGH WYCOMBE, HQAIR",high-wycombe-hqair,buckinghamshire,51.682,-0.807,204,1995,2019
57093,STOWE,stowe,buckinghamshire,52.042,-1.013,145,2012,2019
940,GT CUMBRAE: MILLPORT,gt-cumbrae-millport,buteshire,55.749,-4.908,5,2010,2019
31,LYBSTER,lybster,caithness,58.311,-3.285,85,1994,2004
32,WICK AIRPORT,wick-airport,caithness,58.454,-3.09,36,1930,2019
455,"CAMBRIDGE, NIAB",cambridge-niab,cambridgeshire,52.245,0.1,26,2009,2019
456,MONKS WOOD,monks-wood,cambridgeshire,52.402,-0.237,41,2000,2019
583,WITTERING,wittering,cambridgeshire,52.612,-0.468,74,1957,2019
457,WYTON,wyton,cambridgeshire,52.354,-0.116,40,1957,1995
1132,"NANTWICH, REASEHEATH HALL",nantwich-reaseheath-hall,cheshire,53.086,-2.526,40,2011,2019
57113,ROSTHERNE,rostherne,cheshire,53.36,-2.382,35,2012,2013
57199,ROSTHERNE NO 2,rostherne-no-2,cheshire,53.36,-2.382,35,2012,2019
55511,WOODFORD,woodford,cheshire,53.339,-2.155,88,2003,2012
17344,LOFTUS,loftus,cleveland,54.563,-0.864,158,1996,2019
16831,"COLWYN BAY, COUNCIL OFFICES",colwyn-bay-council-offices,clwyd,53.295,-3.73,25,1915,1925
1183,CYNWYD,cynwyd,clwyd,52.951,-3.407,227,1994,2003
1144,HAWARDEN AIRPORT,hawarden-airport,clwyd,53.175,-2.986,11,1992,2019
1142,MOEL-Y-CRIO,moel-y-crio,clwyd,53.22,-3.209,263,1995,2005
1139,RHYL,rhyl,clwyd,53.314,-3.501,9,1915,1926
1137,RHYL NO 2,rhyl-no-2,clwyd,53.259,-3.509,77,1992,2019
1417,BASTREET,bastreet,cornwall,50.562,-4.481,233,1996,2000
1418,BUDE,bude,cornwall,50.829,-4.546,15,2011,2019
1395,CAMBORNE,camborne,cornwall,50.218,-5.328,87,1978,2019
1415,"CARDINHAM, BODMIN",cardinham-bodmin,cornwall,50.502,-4.667,200,1991,2019
1393,CULDROSE,culdrose,cornwall,50.084,-5.257,76,1977,2019
1388,GWENNAP HEAD,gwennap-head,cornwall,50.037,-5.681,66,1971,1992
1402,NEWQUAY,newquay,cornwall,50.412,-5.081,53,1920,1925
1400,PENDENNIS POINT,pendennis-point,cornwall,50.145,-5.045,42,2003,2003
1389,"PENZANCE, PENLEE GARDENS",penzance-penlee-gardens,cornwall,50.118,-5.543,19,1915,1925
1405,ST MAWGAN,st-mawgan,cornwall,50.439,-4.998,103,1957,2008
1061,ASPATRIA,aspatria,cumbria,54.768,-3.316,62,1979,2004
1067,BLENCATHRA,blencathra,cumbria,54.62,-3.08,250,2010,2019
19203,BRIDGEFOOT,bridgefoot,cumbria,54.649,-3.459,49,2010,2019
1070,CARLISLE,carlisle,cumbria,54.934,-2.964,28,1961,2019
1066,DRUMBURGH,drumburgh,cumbria,54.932,-3.159,7,1995,2003
1054,ESKMEALS,eskmeals,cumbria,54.325,-3.408,8,1994,2001
1084,GREAT DUN FELL,great-dun-fell,cumbria,54.684,-2.45,847,1997,1997
1060,KESWICK,keswick,cumbria,54.614,-3.157,81,1992,2019
1080,LEVENS HALL,levens-hall,cumbria,54.259,-2.778,7,2010,2019
1073,NEWTON RIGG,newton-rigg,cumbria,54.67,-2.788,169,2010,2019
1083,SHAP,shap,cumbria,54.502,-2.685,252,1992,2019
1076,SPADEADAM NO 2,spadeadam-no-2,cumbria,55.05,-2.554,285,1992,2019
1055,ST BEES HEAD NO 2,st-bees-head-no-2,cumbria,54.518,-3.615,124,1992,2019
1078,WALNEY ISLAND,walney-island,cumbria,54.125,-3.258,15,1992,2019
1074,WARCOP RANGE,warcop-range,cumbria,54.572,-2.413,227,1992,2019
1071,WHINS POND,whins-pond,cumbria,54.669,-2.705,125,1989,1994
539,BUXTON,buxton,derbyshire,53.258,-1.914,307,1924,1925
542,COTON-IN-THE-ELMS,coton-in-the-elms,derbyshire,52.737,-1.641,85,2010,2019
1353,"BURRINGTON, COMMON HEAD",burrington-common-head,devon,50.933,-3.987,199,1995,1995
1358,CHAWLEIGH,chawleigh,devon,50.896,-3.812,168,1980,1982
1359,CHELDON BARTON,cheldon-barton,devon,50.906,-3.802,163,1968,1974
1346,CHIVENOR,chivenor,devon,51.089,-4.149,6,1980,2019
1383,DUNKESWELL AERODROME,dunkeswell-aerodrome,devon,50.86,-3.24,252,1991,2019
1378,EXETER AIRPORT,exeter-airport,devon,50.731,-3.417,27,1957,1991
62041,EXETER AIRPORT NO 2,exeter-airport-no-2,devon,50.737,-3.406,27,2009,2019
1376,"EXMOUTH, SALTERTON ROAD",exmouth-salterton-road,devon,50.623,-3.394,59,1936,1958
1334,GAWLISH,gawlish,devon,51.016,-4.49,122,1989,2004
1333,HARTLAND,hartland,devon,50.991,-4.462,142,1983,1988
1332,HARTLAND POINT,hartland-point,devon,51.02,-4.524,95,1957,1983
1335,LUNDY,lundy,devon,51.161,-4.656,43,1984,1994
16789,MOUNT WISE MET OFFICE,mount-wise-met-office,devon,50.366,-4.168,22,1946,1948
1352,NORTH WYKE,north-wyke,devon,50.769,-3.904,177,2000,2019
1345,"OKEHAMPTON, EAST OKEMENT FARM",okehampton-east-okement-farm,devon,50.703,-3.977,408,2006,2019
1336,"PLYMOUTH, MOUNTBATTEN",plymouth-mountbatten,devon,50.355,-4.121,50,1930,2019
1354,PRAWLE POINT,prawle-point,devon,50.203,-3.721,59,1971,1974
1350,"PRINCETOWN, PRISON",princetown-prison,devon,50.549,-4.001,453,1986,2001
1343,SAUNTON SANDS,saunton-sands,devon,51.118,-4.222,15,1989,2002
8401,"TORQUAY, CARY GREEN",torquay-cary-green,devon,50.461,-3.526,4,1920,1926
1331,VIRGINSTOW,virginstow,devon,50.721,-4.288,168,1967,1973
842,HURN,hurn,dorset,50.779,-1.836,10,1957,2019
1319,ISLE OF PORTLAND,isle-of-portland,dorset,50.522,-2.456,52,1967,2019
1316,PORTLAND ,portland,dorset,50.566,-2.45,3,1993,1999
1318,PORTLAND BILL LIGHTHOUSE,portland-bill-lighthouse,dorset,50.514,-2.457,11,1957,1968
1326,SWANAGE,swanage,dorset,50.614,-1.959,10,2011,2019
1517,BALLYWATTICOCK,ballywatticock,down,54.572,-5.657,6,1980,2019
1523,HELENS BAY,helens-bay,down,54.669,-5.748,43,2002,2019
1490,HILLSBOROUGH MET OFFICE,hillsborough-met-office,down,54.485,-6.098,38,1979,2003
1504,KATESBRIDGE,katesbridge,down,54.297,-6.111,91,2000,2019
1525,KILLOUGH,killough,down,54.243,-5.638,15,1994,1998
1488,KILLOWEN,killowen,down,54.077,-6.184,4,2000,2019
1526,LOUGH COWEY,lough-cowey,down,54.414,-5.539,10,1984,1984
1502,MURLOUGH,murlough,down,54.245,-5.832,12,2009,2019
1487,NEWRY CARNBANE,newry-carnbane,down,54.206,-6.351,8,2000,2007
1507,STORMONT CASTLE,stormont-castle,down,54.603,-5.83,56,2009,2019
19259,"DUMFRIES, CRICHTON ROYAL NO 2",dumfries-crichton-royal-no-2,dumfriesshire,55.047,-3.589,50,2002,2004
1023,ESKDALEMUIR,eskdalemuir,dumfriesshire,55.312,-3.207,236,1954,2019
946,SLOY,sloy,dunbartonshire,56.251,-4.712,12,1980,2006
319,BOLTSHOPE PARK,boltshope-park,durham,54.821,-2.09,434,1994,2007
326,DURHAM,durham,durham,54.768,-1.586,102,1997,2019
1198,ABERPORTH,aberporth,dyfed,52.14,-4.571,133,1957,2019
16820,"ABERYSTWYTH, CORPORATION YARD",aberystwyth-corporation-yard,dyfed,52.412,-4.083,4,1916,1925
1216,BRAWDY,brawdy,dyfed,51.88,-5.124,111,1974,1992
1234,BRYNAMMAN,brynamman,dyfed,51.813,-3.861,183,1969,1985
1205,GOGERDDAN,gogerddan,dyfed,52.432,-4.02,31,2011,2019
1220,HAVERFORDWEST,haverfordwest,dyfed,51.799,-4.967,41,1942,1955
1215,MILFORD HAVEN CONSERVANCY BOARD,milford-haven-conservancy-board,dyfed,51.709,-5.053,44,1964,2019
1226,PEMBREY SANDS,pembrey-sands,dyfed,51.714,-4.367,3,1993,2019
1221,SCOLTON COUNTRY PARK,scolton-country-park,dyfed,51.86,-4.922,75,2011,2019
1204,SWYDDFFYNNON,swyddffynnon,dyfed,52.272,-3.916,178,2012,2019
11169,"TENBY, PRIORY",tenby-priory,dyfed,51.671,-4.698,20,1921,1926
1209,TRAWSGOED,trawsgoed,dyfed,52.344,-3.948,63,1992,2019
1235,TRECASTLE,trecastle,dyfed,51.949,-3.702,312,1984,1987
1223,WHITECHURCH,whitechurch,dyfed,51.989,-4.679,129,2011,2019
262,NUNRAW ABBEY,nunraw-abbey,east-lothian,55.921,-2.652,197,1980,2005
812,BEXHILL,bexhill,east-sussex,50.838,0.464,4,1923,1925
816,BREDE,brede,east-sussex,50.939,0.593,82,1989,1992
807,EAST HOATHLY,east-hoathly,east-sussex,50.909,0.145,38,1963,1970
809,EASTBOURNE COASTGUARD,eastbourne-coastguard,east-sussex,50.782,0.309,3,1957,1974
810,HERSTMONCEUX,herstmonceux,east-sussex,50.865,0.336,18,1977,1992
811,"HERSTMONCEUX, WEST END",herstmonceux-west-end,east-sussex,50.891,0.317,52,1992,2019
23450,WYCH CROSS,wych-cross,east-sussex,51.066,0.033,200,2010,2019
19188,ANDREWSFIELD,andrewsfield,essex,51.896,0.451,87,1997,2019
481,HIGH BEACH,high-beach,essex,51.664,0.041,110,2013,2019
497,SHOEBURYNESS,shoeburyness,essex,51.537,0.807,2,1930,1981
498,"SHOEBURYNESS, LANDWICK",shoeburyness-landwick,essex,51.555,0.827,2,1981,2019
484,STANSTED,stansted,essex,51.881,0.223,101,1959,1997
504,WALTON-ON-THE-NAZE,walton-on-the-naze,essex,51.855,1.28,5,1962,1973
487,WRITTLE,writtle,essex,51.734,0.429,32,2009,2019
1562,CORGARY,corgary,fermanagh,54.44,-8.052,145,1984,1984
30437,DERRYLIN,derrylin,fermanagh,54.151,-7.575,70,2004,2007
24103,"DERRYLIN, CORNAHOULE",derrylin-cornahoule,fermanagh,54.189,-7.561,68,2010,2019
1561,KNOCKAREVAN,knockarevan,fermanagh,54.422,-8.087,50,1992,1992
1570,LISNASKEA CREAMERY,lisnaskea-creamery,fermanagh,54.264,-7.477,49,1997,2000
1568,ST ANGELO,st-angelo,fermanagh,54.396,-7.645,47,1991,2013
57063,THOMASTOWN,thomastown,fermanagh,54.33,-7.595,72,2012,2019
239,FIFE NESS,fife-ness,fife,56.279,-2.586,12,1984,2007
235,LEUCHARS,leuchars,fife,56.377,-2.862,10,1921,2019
227,PITREAVIE NO 2,pitreavie-no-2,fife,56.048,-3.419,40,1961,1985
685,BERRY HILL,berry-hill,gloucestershire,51.808,-2.619,232,1983,1983
684,GLOUCESTER,gloucester,gloucestershire,51.858,-2.218,23,1960,1976
686,INNSWORTH,innsworth,gloucestershire,51.891,-2.196,21,1976,1981
692,LITTLE RISSINGTON,little-rissington,gloucestershire,51.861,-1.693,210,1957,2019
680,SLIMBRIDGE,slimbridge,gloucestershire,51.74,-2.404,5,1997,1998
691,WESTONBIRT,westonbirt,gloucestershire,51.607,-2.221,135,2009,2019
10268,"WINCHCOMBE, SUDELEY CASTLE",winchcombe-sudeley-castle,gloucestershire,51.948,-1.954,112,2010,2019
707,GREENWICH,greenwich,greater-london,51.48,-0.004,7,1997,1997
6706,"GREENWICH, OBSERVATORY",greenwich-observatory,greater-london,51.478,-0.003,47,1997,2004
695,HAMPSTEAD,hampstead,greater-london,51.561,-0.18,137,2010,2016
711,HAMPTON W WKS,hampton-w-wks,greater-london,51.412,-0.378,12,2012,2019
708,HEATHROW,heathrow,greater-london,51.479,-0.451,25,1949,2019
726,KENLEY AIRFIELD,kenley-airfield,greater-london,51.304,-0.092,170,1991,2019
721,KEW,kew,greater-london,51.468,-0.316,5,1957,1981
723,KEW GARDENS,kew-gardens,greater-london,51.482,-0.294,6,2007,2019
19144,LONDON WEATHER CENTRE,london-weather-centre,greater-london,51.522,-0.112,43,1974,2010
697,"LONDON, ST JAMES'S PARK",london-st-jamess-park,greater-london,51.505,-0.131,5,1997,2019
709,NORTHOLT,northolt,greater-london,51.549,-0.417,33,1995,2019
1135,RINGWAY,ringway,greater-manchester,53.356,-2.281,69,1989,2004
1125,ROCHDALE,rochdale,greater-manchester,53.609,-2.179,110,2007,2019
1276,"TREDEGAR, BRYN BACH PARK NO 2",tredegar-bryn-bach-park-no-2,gwent,51.784,-3.268,360,2010,2019
1161,ABERDARON,aberdaron,gwynedd,52.789,-4.741,86,1993,2019
1180,BALA,bala,gwynedd,52.908,-3.584,163,1997,2019
1158,BARDSEY ISLAND,bardsey-island,gwynedd,52.75,-4.799,15,1972,1987
1171,CAPEL CURIG NO 3,capel-curig-no-3,gwynedd,53.094,-3.941,216,1993,2019
19241,LLANBEDR,llanbedr,gwynedd,52.803,-4.124,9,1998,2004
1179,NANTMOR,nantmor,gwynedd,52.995,-4.082,49,1994,2002
1166,PORTHMADOG,porthmadog,gwynedd,52.915,-4.158,7,2010,2019
1167,SNOWDON SUMMIT,snowdon-summit,gwynedd,53.068,-4.077,1040,1996,1997
1145,VALLEY,valley,gwynedd,53.253,-4.536,10,1988,2019
868,ALICE HOLT LODGE,alice-holt-lodge,hampshire,51.178,-0.85,115,2009,2019
814,LIPHOOK,liphook,hampshire,51.08,-0.815,98,1983,1988
847,MIDDLE WALLOP,middle-wallop,hampshire,51.15,-1.57,90,1989,2019
862,ODIHAM,odiham,hampshire,51.239,-0.945,118,1993,2019
855,OTTERBOURNE W WKS,otterbourne-w-wks,hampshire,51.009,-1.335,34,2010,2019
869,SOUTH FARNBOROUGH,south-farnborough,hampshire,51.28,-0.773,65,1957,2019
850,SOUTHAMPTON,southampton,hampshire,50.901,-1.404,19,1974,2001
849,"SOUTHAMPTON, EAST PARK",southampton-east-park,hampshire,50.905,-1.405,20,1969,1969
660,ASTWOOD BANK,astwood-bank,hereford-and-worcester,52.248,-1.935,137,2010,2019
670,GREAT MALVERN,great-malvern,hereford-and-worcester,52.121,-2.306,44,1995,2008
24996,"HEREFORD, CREDENHILL",hereford-credenhill,hereford-and-worcester,52.08,-2.802,76,1999,2019
664,MADLEY,madley,hereford-and-worcester,52.031,-2.842,78,1984,1998
657,PERSHORE,pershore,hereford-and-worcester,52.148,-2.041,35,1957,2019
658,PERSHORE COLLEGE,pershore-college,hereford-and-worcester,52.1,-2.06,37,1999,2019
673,PRESTON WYNNE,preston-wynne,hereford-and-worcester,52.125,-2.638,84,1999,2008
671,ROSS-ON-WYE,ross-on-wye,hereford-and-worcester,51.911,-2.586,67,1930,2019
669,SHOBDON AIRFIELD,shobdon-airfield,hereford-and-worcester,52.243,-2.886,99,1992,2019
654,"WORCESTER, BARBOURNE",worcester-barbourne,hereford-and-worcester,52.211,-2.23,25,1995,2003
468,BOVINGDON,bovingdon,hertfordshire,51.724,-0.544,157,1957,1967
471,ROTHAMSTED,rothamsted,hertfordshire,51.807,-0.36,128,1999,2019
373,BRIDLINGTON MRSC,bridlington-mrsc,humberside,54.094,-0.176,15,1994,2019
399,"CLEETHORPES, HAVERSTOE PARK",cleethorpes-haverstoe-park,humberside,53.55,-0.03,7,2003,2004
379,COWDEN,cowden,humberside,53.844,-0.103,15,1995,1998
56986,"HULL, EAST PARK",hull-east-park,humberside,53.766,-0.298,2,2012,2019
376,KILNSEA,kilnsea,humberside,53.622,0.141,12,1957,1976
370,LECONFIELD,leconfield,humberside,53.875,-0.442,7,1992,2019
382,NORMANBY HALL,normanby-hall,humberside,53.637,-0.659,47,2010,2019
113,AVIEMORE,aviemore,inverness-shire,57.206,-3.828,228,1983,2019
30103,AVIEMORE TRIAL,aviemore-trial,inverness-shire,57.206,-3.828,228,2000,2001
111,DALWHINNIE NO 2,dalwhinnie-no-2,inverness-shire,56.94,-4.238,351,2000,2019
114,DRUMNADROCHIT,drumnadrochit,inverness-shire,57.328,-4.486,53,2009,2019
112,LAGGANLIA,lagganlia,inverness-shire,57.111,-3.891,250,1982,1986
110,LENTRAN,lentran,inverness-shire,57.459,-4.373,146,2009,2019
105,TULLOCH BRIDGE,tulloch-bridge,inverness-shire,56.867,-4.708,249,1990,2019
87,WATERSTEIN,waterstein,inverness-shire,57.436,-6.769,83,1990,2004
56486,MONA,mona,isle-of-anglesey,53.261,-4.376,60,2009,2019
876,WIGHT: ST CATHERINES POINT,wight-st-catherines-point,isle-of-wight,50.576,-1.297,20,1982,2019
874,WIGHT: WELLOW,wight-wellow,isle-of-wight,50.69,-1.448,25,1989,1992
1421,SCILLY: ROUND ISLAND,scilly-round-island,isles-of-scilly,49.979,-6.323,38,1985,1985
1385,SCILLY: ST MARYS,scilly-st-marys,isles-of-scilly,49.929,-6.303,51,1930,1982
1386,SCILLY: ST MARYS AIRPORT,scilly-st-marys-airport,isles-of-scilly,49.915,-6.296,31,1991,2019
732,ANVIL GREEN,anvil-green,kent,51.206,1.015,140,1984,1992
747,CHARING,charing,kent,51.197,0.782,91,1980,1997
774,DEAL,deal,kent,51.232,1.403,2,1958,1971
758,DUNGENESS,dungeness,kent,50.913,0.972,6,1957,1961
744,EAST MALLING,east-malling,kent,51.288,0.448,33,1997,2019
763,FOLKESTONE,folkestone,kent,51.078,1.178,39,1919,1925
56904,FRITTENDEN,frittenden,kent,51.142,0.596,38,2011,2019
742,GOUDHURST,goudhurst,kent,51.077,0.46,85,2009,2019
765,HERNE BAY NO 2,herne-bay-no-2,kent,51.358,1.135,40,2000,2006
775,MANSTON,manston,kent,51.347,1.335,49,1961,2019
25729,MANSTON TRIAL,manston-trial,kent,51.352,1.348,44,2000,2000
778,MARGATE,margate,kent,51.392,1.402,16,1915,1925
750,PECKHAM,peckham,kent,51.185,0.63,29,1969,1972
773,ST MARGARETS,st-margarets,kent,51.157,1.392,83,1971,1975
746,ULCOMBE,ulcombe,kent,51.197,0.636,47,1973,1996
173,INCHMARLO,inchmarlo,kincardineshire,57.06,-2.542,80,1998,1998
177,INVERBERVIE NO 2,inverbervie-no-2,kincardineshire,56.852,-2.266,134,1992,2019
1015,"DUMFRIES, DRUNGANS",dumfries-drungans,kirkcudbrightshire,55.054,-3.645,16,1983,2004
1033,DUNDRENNAN,dundrennan,kirkcudbrightshire,54.803,-4.008,113,1990,2019
1027,GLENLEE,glenlee,kirkcudbrightshire,55.099,-4.185,55,1980,2002
1035,THREAVE,threave,kirkcudbrightshire,54.926,-3.95,73,2005,2019
19219,"BIGGAR, EAST NETHERTON",biggar-east-netherton,lanarkshire,55.613,-3.564,200,1998,2004
991,CARNWATH,carnwath,lanarkshire,55.7,-3.634,208,1980,2005
987,DRUMALBIN,drumalbin,lanarkshire,55.627,-3.736,245,1991,2019
978,EAST KILBRIDE NO 2,east-kilbride-no-2,lanarkshire,55.755,-4.172,178,1980,2005
975,GLASGOW WEATHER CENTRE,glasgow-weather-centre,lanarkshire,55.86,-4.264,40,1974,1985
982,SALSBURGH,salsburgh,lanarkshire,55.861,-3.875,277,1994,2019
1096,AUGHTON,aughton,lancashire,53.55,-2.916,54,1978,1996
1090,"BLACKPOOL, SQUIRES GATE",blackpool-squires-gate,lancashire,53.775,-3.038,10,1957,2019
16851,MORECAMBE NO 2,morecambe-no-2,lancashire,54.076,-2.86,7,2011,2019
1112,MYERSCOUGH,myerscough,lancashire,53.854,-2.767,14,2010,2019
1111,"PRESTON, MOOR PARK",preston-moor-park,lancashire,53.774,-2.705,33,2009,2019
1119,STONYHURST,stonyhurst,lancashire,53.845,-2.47,115,2000,2019
576,COTTESMORE,cottesmore,leicestershire,52.727,-0.656,136,1984,2011
30529,"MARKET BOSWORTH, BOSWORTH PARK",market-bosworth-bosworth-park,leicestershire,52.623,-1.396,129,2010,2019
394,BINBROOK,binbrook,lincolnshire,53.445,-0.202,108,1963,1992
393,CONINGSBY,coningsby,lincolnshire,53.094,-0.173,6,1978,2019
386,CRANWELL,cranwell,lincolnshire,53.031,-0.504,63,1930,2019
395,HOLBEACH NO 2,holbeach-no-2,lincolnshire,52.873,0.139,3,1990,2019
401,MANBY,manby,lincolnshire,53.361,0.097,13,1957,1974
381,SCAMPTON,scampton,lincolnshire,53.307,-0.548,57,1984,2019
384,WADDINGTON,waddington,lincolnshire,53.175,-0.523,68,1949,2019
16725,WAINFLEET NO 2,wainfleet-no-2,lincolnshire,53.088,0.271,3,1996,2019
1429,BALLYKELLY,ballykelly,londonderry,55.057,-7.008,4,1957,2012
1431,"BANAGHER, CAUGH HILL",banagher-caugh-hill,londonderry,54.886,-6.966,214,1997,2019
1427,CARMONEY,carmoney,londonderry,55.025,-7.211,73,1997,1997
1437,COLERAINE UNIVERSITY,coleraine-university,londonderry,55.154,-6.678,23,1997,2003
1435,LOUGH FEA,lough-fea,londonderry,54.721,-6.815,225,1994,2019
56963,MAGILLIGAN NO 2,magilligan-no-2,londonderry,55.16,-6.949,6,2011,2019
1440,MONEYDIG,moneydig,londonderry,54.993,-6.61,34,1968,1968
1441,MOYOLA W WKS,moyola-w-wks,londonderry,54.743,-6.518,17,1993,2004
1128,BIDSTON,bidston,merseyside,53.4,-3.075,60,1930,1935
17309,CROSBY,crosby,merseyside,53.497,-3.058,9,1983,2019
1268,CILFYNYDD,cilfynydd,mid-glamorgan,51.636,-3.302,194,1974,1996
19260,"EDINBURGH, GOGARBANK",edinburgh-gogarbank,midlothian-in-lothian-region,55.928,-3.344,57,1998,2019
253,"EDINBURGH, ROYAL BOTANIC GARDEN NO 2",edinburgh-royal-botanic-garden-no-2,midlothian-in-lothian-region,55.967,-3.212,28,2010,2019
246,TURNHOUSE,turnhouse,midlothian-in-lothian-region,55.951,-3.348,35,1957,1999
56939,USK NO 2,usk-no-2,monmouthshire,51.714,-2.923,25,2011,2019
132,KINLOSS,kinloss,moray-in-grampian-region,57.645,-3.563,5,1957,2019
137,LOSSIEMOUTH,lossiemouth,moray-in-grampian-region,57.711,-3.323,7,1989,2019
130,GRANTOWN-ON-SPEY,grantown-on-spey,moray-in-highland-region,57.335,-3.606,220,1981,1981
429,COLTISHALL,coltishall,norfolk,52.757,1.351,17,1962,2006
426,CROMER,cromer,norfolk,52.934,1.291,37,2009,2019
432,GORLESTON,gorleston,norfolk,52.572,1.738,4,1930,1975
433,HEMSBY,hemsby,norfolk,52.686,1.687,13,1978,2001
25728,HEMSBY TRIAL,hemsby-trial,norfolk,52.686,1.687,14,2000,2001
30476,HOUGHTON HALL,houghton-hall,norfolk,52.824,0.652,65,2010,2019
409,MARHAM,marham,norfolk,52.651,0.566,21,1957,2019
4911,NORWICH AIRPORT,norwich-airport,norfolk,52.678,1.28,32,2007,2016
408,NORWICH WEATHER CENTRE,norwich-weather-centre,norfolk,52.626,1.298,35,1987,2000
61986,TIBENHAM AIRFIELD,tibenham-airfield,norfolk,52.457,1.162,52,2015,2019
415,WEST RAYNHAM,west-raynham,norfolk,52.786,0.737,73,1957,1969
421,WEYBOURNE,weybourne,norfolk,52.949,1.122,21,1990,2019
578,"NORTHAMPTON, MOULTON PARK",northampton-moulton-park,northamptonshire,52.274,-0.881,127,2009,2018
30523,ALBEMARLE,albemarle,northumberland,55.02,-1.882,142,2003,2019
303,BERWICK-UPON-TWEED,berwick-upon-tweed,northumberland,55.754,-2.033,42,1996,1996
315,BOULMER,boulmer,northumberland,55.421,-1.601,23,1988,2019
16031,CHILLINGHAM BARNS,chillingham-barns,northumberland,55.53,-1.918,70,2012,2019
289,KIELDER CASTLE,kielder-castle,northumberland,55.234,-2.58,201,2013,2019
304,LONGFRAMLINGTON,longframlington,northumberland,55.301,-1.806,158,1996,1997
310,"MORPETH, COCKLE PARK",morpeth-cockle-park,northumberland,55.213,-1.688,95,2014,2019
16589,REDESDALE CAMP,redesdale-camp,northumberland,55.285,-2.279,211,1996,2019
339,BAINBRIDGE,bainbridge,north-yorkshire,54.308,-2.101,210,2010,2019
533,CHURCH FENTON,church-fenton,north-yorkshire,53.836,-1.199,8,1983,2014
342,DISHFORTH AIRFIELD,dishforth-airfield,north-yorkshire,54.135,-1.414,33,1957,2016
358,FYLINGDALES,fylingdales,north-yorkshire,54.359,-0.672,262,1984,2019
367,HIGH MOWTHORPE,high-mowthorpe,north-yorkshire,54.105,-0.643,175,2009,2019
17314,LEEMING,leeming,north-yorkshire,54.297,-1.533,33,1965,2019
346,LINTON ON OUSE,linton-on-ouse,north-yorkshire,54.045,-1.251,14,1984,2019
25726,"PATELEY BRIDGE, RAVENS NEST",pateley-bridge-ravens-nest,north-yorkshire,54.07,-1.771,259,2011,2019
30750,RAVENSWORTH,ravensworth,north-yorkshire,54.472,-1.785,120,2010,2019
360,SCARBOROUGH,scarborough,north-yorkshire,54.273,-0.423,110,2010,2019
16596,TOPCLIFFE,topcliffe,north-yorkshire,54.205,-1.39,25,1997,2019
364,WHITBY COASTGUARD,whitby-coastguard,north-yorkshire,54.49,-0.606,60,1996,1996
19204,GRINGLEY-ON-THE-HILL,gringley-on-the-hill,nottinghamshire,53.406,-0.884,68,2010,2019
568,LANGAR,langar,nottinghamshire,52.896,-0.909,32,1957,1961
556,"NOTTINGHAM, WATNALL",nottingham-watnall,nottinghamshire,53.006,-1.251,117,1957,2019
554,SUTTON BONINGTON,sutton-bonington,nottinghamshire,52.836,-1.251,43,2000,2019
23,KIRKWALL,kirkwall,orkney,58.953,-2.901,26,1957,2019
17,SULE SKERRY,sule-skerry,orkney,59.082,-4.405,12,1961,1974
822,ABINGDON,abingdon,oxfordshire,51.689,-1.308,69,1957,1975
613,BENSON,benson,oxfordshire,51.62,-1.099,57,1974,2019
605,BRIZE NORTON,brize-norton,oxfordshire,51.758,-1.578,82,1968,2019
607,SOUTH NEWINGTON,south-newington,oxfordshire,51.998,-1.406,105,2011,2019
278,GLENTRESS,glentress,peebleshire,55.646,-3.139,165,1999,2006
201,BALQUHIDDER NO 2,balquhidder-no-2,perthshire-in-central-region,56.355,-4.397,136,1985,1986
199,LOCH VENACHAR,loch-venachar,perthshire-in-central-region,56.23,-4.263,84,1980,2004
195,TYNDRUM NO 3,tyndrum-no-3,perthshire-in-central-region,56.419,-4.661,168,1999,2019
214,FASKALLY,faskally,perthshire-in-tayside-region,56.718,-3.77,94,1980,2005
19202,KIRKMICHAEL NO 2,kirkmichael-no-2,perthshire-in-tayside-region,56.72,-3.52,265,1998,1998
196,LOCH RANNOCH POWER HOUSE,loch-rannoch-power-house,perthshire-in-tayside-region,56.693,-4.401,206,1999,2006
223,PERTH AERODROME,perth-aerodrome,perthshire-in-tayside-region,56.437,-3.372,118,1997,2000
23943,SPITTAL OF GLENSHEE,spittal-of-glenshee,perthshire-in-tayside-region,56.764,-3.397,308,1998,1998
212,STRATHALLAN AIRFIELD,strathallan-airfield,perthshire-in-tayside-region,56.326,-3.729,35,1990,2019
1184,"ABERHOSAN, RHOSWYDOL",aberhosan-rhoswydol,powys-north,52.565,-3.712,244,1994,2003
1190,LAKE VYRNWY NO 2,lake-vyrnwy-no-2,powys-north,52.757,-3.465,360,1994,2019
1240,CENARTH,cenarth,powys-south,52.383,-3.534,308,1976,1980
1241,CENARTH MILL,cenarth-mill,powys-south,52.389,-3.503,282,1967,1975
1249,LIBANUS,libanus,powys-south,51.924,-3.489,331,2012,2019
1238,LLYSDINAM,llysdinam,powys-south,52.216,-3.452,196,2010,2019
16611,SENNYBRIDGE NO 2,sennybridge-no-2,powys-south,52.063,-3.615,307,1995,2019
971,ABBOTSINCH,abbotsinch,renfrewshire,55.869,-4.431,5,1966,1999
24125,"GLASGOW, BISHOPTON",glasgow-bishopton,renfrewshire,55.907,-4.532,59,1999,2019
970,RENFREW,renfrew,renfrewshire,55.867,-4.386,8,1930,1966
14093,ACHNAGART,achnagart,ross-and-cromarty,57.181,-5.375,15,2012,2019
52,AULTBEA NO 2,aultbea-no-2,ross-and-cromarty,57.859,-5.633,11,1990,2019
56451,CLUANIE INN NO 3,cluanie-inn-no-3,ross-and-cromarty,57.156,-5.182,223,2009,2019
78,INVERGORDON,invergordon,ross-and-cromarty,57.703,-4.158,15,1980,1981
77,INVERGORDON HARBOUR,invergordon-harbour,ross-and-cromarty,57.687,-4.167,3,1994,2001
66,KINLOCHEWE,kinlochewe,ross-and-cromarty,57.613,-5.306,25,2005,2019
67,LOCH GLASCARNOCH,loch-glascarnoch,ross-and-cromarty,57.725,-4.895,269,1992,2019
14108,LOCHCARRON,lochcarron,ross-and-cromarty,57.401,-5.494,32,1999,2003
14533,LOCHLUICHART,lochluichart,ross-and-cromarty,57.622,-4.82,88,1999,2003
79,TAIN RANGE,tain-range,ross-and-cromarty,57.819,-3.967,4,1990,2019
285,CARTERHOUSE,carterhouse,roxburghshire,55.358,-2.519,308,1994,2018
284,GREYCROOK,greycrook,roxburghshire,55.567,-2.637,76,1980,2003
12,BALTASOUND NO 2,baltasound-no-2,shetland,60.748,-0.856,15,1990,2019
3,FAIR ISLE,fair-isle,shetland,59.526,-1.63,57,1974,2019
1,FOULA,foula,shetland,60.154,-2.074,22,1989,1995
9,LERWICK,lerwick,shetland,60.139,-1.185,82,1930,2019
10,SELLA NESS,sella-ness,shetland,60.447,-1.278,7,1993,2004
4,SUMBURGH,sumburgh,shetland,59.879,-1.299,7,1978,1996
645,CLEE HILL,clee-hill,shropshire,52.398,-2.591,504,1966,1971
651,NEWPORT (SALOP),newport-salop,shropshire,52.778,-2.428,66,2010,2019
634,PENNERLEY,pennerley,shropshire,52.59,-2.95,357,2010,2019
643,SHAWBURY,shawbury,shropshire,52.795,-2.665,72,1957,2019
1287,EXTON,exton,somerset,51.094,-3.485,335,1973,1987
1285,LISCOMBE,liscombe,somerset,51.087,-3.609,348,1993,2019
1288,MINEHEAD,minehead,somerset,51.201,-3.467,8,1987,1988
1290,"NETTLECOMBE, BIRDS HILL",nettlecombe-birds-hill,somerset,51.118,-3.349,271,2009,2012
1289,TIVINGTON,tivington,somerset,51.201,-3.531,83,1989,1998
1302,YEOVILTON,yeovilton,somerset,51.006,-2.643,20,1964,2019
1271,CARDIFF WEATHER CENTRE,cardiff-weather-centre,south-glamorgan,51.478,-3.179,52,1982,2006
1272,"CARDIFF, BUTE PARK",cardiff-bute-park,south-glamorgan,51.488,-3.189,9,2010,2019
1267,RHOOSE,rhoose,south-glamorgan,51.401,-3.344,65,1957,1998
19206,ST ATHAN,st-athan,south-glamorgan,51.405,-3.441,49,1997,2019
562,FINNINGLEY,finningley,south-yorkshire,53.483,-1.008,10,1958,1995
537,LINDHOLME,lindholme,south-yorkshire,53.549,-0.972,5,1957,1970
525,SHEFFIELD,sheffield,south-yorkshire,53.381,-1.491,131,2008,2019
627,CELLARHEAD,cellarhead,staffordshire,53.04,-2.085,228,1983,1997
622,KEELE,keele,staffordshire,52.999,-2.27,179,2006,2019
30690,"LEEK, THORNCLIFFE",leek-thorncliffe,staffordshire,53.128,-1.981,298,2002,2019
956,STIRLING S WKS,stirling-s-wks,stirling-in-central-region,56.119,-3.919,7,1983,1999
435,BROOMS BARN,brooms-barn,suffolk,52.261,0.566,75,2009,2019
436,CAVENDISH,cavendish,suffolk,52.091,0.628,55,2010,2019
442,CHARSFIELD,charsfield,suffolk,52.163,1.28,49,2010,2019
443,FELIXSTOWE,felixstowe,suffolk,51.947,1.325,3,1957,1961
438,HONINGTON,honington,suffolk,52.34,0.77,51,1969,2003
434,MILDENHALL,mildenhall,suffolk,52.372,0.471,5,1949,1969
413,SANTON DOWNHAM,santon-downham,suffolk,52.459,0.671,6,2009,2019
440,WATTISHAM,wattisham,suffolk,52.124,0.957,89,1959,2019
30620,CHARLWOOD,charlwood,surrey,51.144,-0.229,67,2002,2019
23446,REDHILL,redhill,surrey,51.215,-0.137,63,1998,2006
719,WISLEY,wisley,surrey,51.311,-0.476,38,2000,2019
44,ALTNAHARRA NO 2,altnaharra-no-2,sutherland,58.288,-4.442,81,1993,2019
37,CAPE WRATH,cape-wrath,sutherland,58.625,-5,112,1957,1997
40,CASSLEY,cassley,sutherland,58.168,-4.727,99,1999,2019
24938,DURNESS NO 3,durness-no-3,sutherland,58.568,-4.763,222,1999,2002
48,"KINBRACE, HATCHERY",kinbrace-hatchery,sutherland,58.23,-3.922,103,1999,2019
56216,RESALLACH,resallach,sutherland,58.063,-5.016,133,2011,2019
307,NEWCASTLE WEATHER CENTRE,newcastle-weather-centre,tyne-and-wear,54.977,-1.598,52,1974,2005
332,SUNDERLAND UNIVERSITY,sunderland-university,tyne-and-wear,54.904,-1.395,70,1996,1997
313,TYNEMOUTH,tynemouth,tyne-and-wear,55.018,-1.417,33,1957,2001
1543,CASTLEDERG,castlederg,tyrone,54.707,-7.577,49,1995,2019
595,CHURCH LAWFORD,church-lawford,warwickshire,52.359,-1.331,107,1990,2019
19187,COLESHILL,coleshill,warwickshire,52.48,-1.691,96,1997,2019
596,WELLESBOURNE,wellesbourne,warwickshire,52.206,-1.605,47,2011,2019
82,BARRA (W I),barra-w-i,western-isles,57.025,-7.449,3,1997,2007
84,BENBECULA AIRPORT,benbecula-airport,western-isles,57.475,-7.371,6,1957,1996
19211,HARRIS: QUIDNISH,harris-quidnish,western-isles,57.78,-6.897,13,2010,2019
83,LOCHBOISDALE,lochboisdale,western-isles,57.155,-7.316,6,1999,1999
19172,SKYE: LUSA,skye-lusa,western-isles,57.257,-5.805,18,1997,2017
18903,SOUTH UIST RANGE,south-uist-range,western-isles,57.358,-7.385,4,1996,2019
54,STORNOWAY AIRPORT,stornoway-airport,western-isles,58.213,-6.319,15,1930,2019
1255,MUMBLES HEAD,mumbles-head,west-glamorgan,51.566,-3.982,43,1982,2019
24102,"COVENTRY, COUNDON",coventry-coundon,west-midlands,52.424,-1.536,119,2001,2019
593,ELMDON,elmdon,west-midlands,52.453,-1.742,96,1980,1999
56424,WINTERBOURNE NO2,winterbourne-no2,west-midlands,52.456,-1.928,140,2011,2019
586,"WINTERBOURNE, UNIVERSITY OF BIRMINGHAM",winterbourne-university-of-birmingham,west-midlands,52.454,-1.924,130,2001,2012
725,GATWICK,gatwick,west-sussex,51.152,-0.193,59,1958,1998
795,SHOREHAM AIRPORT,shoreham-airport,west-sussex,50.836,-0.294,2,1998,2019
783,TANGMERE,tangmere,west-sussex,50.85,-0.707,16,1987,1997
779,THORNEY ISLAND,thorney-island,west-sussex,50.815,-0.922,4,1958,2019
16769,WIGGONHOLT,wiggonholt,west-sussex,50.938,-0.494,28,2011,2019
513,"BINGLEY, NO 2",bingley-no-2,west-yorkshire,53.811,-1.867,262,1994,2019
516,BRADFORD,bradford,west-yorkshire,53.814,-1.774,134,2010,2019
534,BRAMHAM,bramham,west-yorkshire,53.869,-1.319,54,2001,2019
521,EMLEY MOOR,emley-moor,west-yorkshire,53.613,-1.665,259,1984,2010
56958,EMLEY MOOR NO 2,emley-moor-no-2,west-yorkshire,53.612,-1.668,267,2011,2019
515,"HUDDERSFIELD, OAKES",huddersfield-oakes,west-yorkshire,53.656,-1.83,232,1957,1986
523,LEEDS WEATHER CENTRE,leeds-weather-centre,west-yorkshire,53.801,-1.561,64,1989,2003
529,RYHILL,ryhill,west-yorkshire,53.628,-1.394,78,2010,2019
13343,LOGAN BOTANIC GARDEN,logan-botanic-garden,wigtownshire,54.743,-4.959,27,2012,2019
1041,MULL OF GALLOWAY,mull-of-galloway,wigtownshire,54.635,-4.857,78,1957,1988
1039,WEST FREUGH,west-freugh,wigtownshire,54.859,-4.935,11,1961,2019
1043,WHITHORN,whithorn,wigtownshire,54.703,-4.418,40,1982,1994
889,BOSCOMBE DOWN,boscombe-down,wiltshire,51.162,-1.755,126,1957,2019
888,LARKHILL,larkhill,wiltshire,51.202,-1.806,132,1995,2019
886,LYNEHAM,lyneham,wiltshire,51.503,-1.992,145,1957,2019
882,NETHERAVON,netheravon,wiltshire,51.244,-1.766,129,1991,1995
890,UPAVON,upavon,wiltshire,51.292,-1.776,179,1957,1988
